[
    {
      "Customer name": "Nadine Wellwood",
      "Street Address": "9648 Atlantic Ave.",
      "City": "Prince Rupert",
      "Province": "BC",
      "Postal Code": "V8J 1E7",
      "Lattitude": 45.592857,
      "Longitude": -79.504101,
      "Phone number": "(403) 571-7760",
      "Connection Status": "Not Responding",
      "Time since connected": 2,
      "": ""
    },
    {
      "Customer name": "David Michaud",
      "Street Address": "689 Sunnyslope Ave.",
      "City": "Gravenhurst",
      "Province": "ON",
      "Postal Code": "P1P 1J7",
      "Lattitude": 45.592857,
      "Longitude": -79.504101,
      "Phone number": "(780) 421-4540",
      "Connection Status": "Connected",
      "Time since connected": 0,
      "": ""
    },
    {
      "Customer name": "Thomas Ikert",
      "Street Address": "27 Tunnel St.",
      "City": "Tracadie-Sheila",
      "Province": "NB",
      "Postal Code": "E1X 7V0",
      "Lattitude": 45.64116,
      "Longitude": -79.544828,
      "Phone number": "(519) 748-0484",
      "Connection Status": "Connected",
      "Time since connected": 0,
      "": ""
    },
    {
      "Customer name": "Chevy Johnston",
      "Street Address": "8339 2nd Ave.",
      "City": "Innisfail",
      "Province": "AB",
      "Postal Code": "T4G 5E8",
      "Lattitude": 45.64116,
      "Longitude": -79.544828,
      "Phone number": "(519) 622-9749",
      "Connection Status": "Connected",
      "Time since connected": 0,
      "": ""
    },
    {
      "Customer name": "Colin Korol",
      "Street Address": "33 Glenholme Dr.",
      "City": "Comox",
      "Province": "BC",
      "Postal Code": "V9M 4X4",
      "Lattitude": 50.068244,
      "Longitude": -102.52953,
      "Phone number": "(519) 660-6135",
      "Connection Status": "Connected",
      "Time since connected": 0,
      "": ""
    },
    {
      "Customer name": "Dave Levesque",
      "Street Address": "646 Cambridge St.",
      "City": "St. Albert",
      "Province": "AB",
      "Postal Code": "T8N 8S2",
      "Lattitude": 50.018007,
      "Longitude": -102.597738,
      "Phone number": "(613) 798-1946",
      "Connection Status": "Connected",
      "Time since connected": 0,
      "": ""
    },
    {
      "Customer name": "Stephanie Hoeppner",
      "Street Address": "69 Foster St.",
      "City": "Lloydminster",
      "Province": "SK",
      "Postal Code": "S9V 6Y7",
      "Lattitude": 53.486026,
      "Longitude": -104.165923,
      "Phone number": "(613) 737-2071",
      "Connection Status": "Not Responding",
      "Time since connected": 6,
      "": ""
    },
    {
      "Customer name": "Edward Gao",
      "Street Address": "400 Cactus Ave.",
      "City": "Bath",
      "Province": "NB",
      "Postal Code": "E7J 8V7",
      "Lattitude": 49.79866103,
      "Longitude": -112.1464545,
      "Phone number": "(905) 853-1462",
      "Connection Status": "Connected",
      "Time since connected": 0,
      "": ""
    },
    {
      "Customer name": "Kelly Lorencz",
      "Street Address": "9383 E. Alderwood Court",
      "City": "Dunnville",
      "Province": "ON",
      "Postal Code": "N1A 9G8",
      "Lattitude": 49.67020876,
      "Longitude": -112.8856313,
      "Phone number": "(905) 571-6663",
      "Connection Status": "Connected",
      "Time since connected": 0,
      "": ""
    },
    {
      "Customer name": "Tyler Poulin",
      "Street Address": "94 West Delaware Drive",
      "City": "Salmon Arm",
      "Province": "BC",
      "Postal Code": "V1E 4L1",
      "Lattitude": 51.07346072,
      "Longitude": -114.1613225,
      "Phone number": "(519) 888-9660",
      "Connection Status": "Connected",
      "Time since connected": 0,
      "": ""
    },
    {
      "Customer name": "Kyle Scott",
      "Street Address": "159 Brewery Lane",
      "City": "Saint-Sophie",
      "Province": "QC",
      "Postal Code": "J5J 7G1",
      "Lattitude": 51.0317447,
      "Longitude": -114.1848858,
      "Phone number": "(705) 444-2318",
      "Connection Status": "Connected",
      "Time since connected": 0,
      "": ""
    },
    {
      "Customer name": "Gordon Squire",
      "Street Address": "453 Adams Ave.",
      "City": "Montmagny",
      "Province": "QC",
      "Postal Code": "G5V 9C5",
      "Lattitude": 52.02884776,
      "Longitude": -113.9503251,
      "Phone number": "(905) 889-7831",
      "Connection Status": "Connected",
      "Time since connected": 0,
      "": ""
    },
    {
      "Customer name": "Harry Dhillon",
      "Street Address": "185 South Alton St.",
      "City": "Winnipeg",
      "Province": "MB",
      "Postal Code": "R2C 0V5",
      "Lattitude": 52.28092418,
      "Longitude": -113.7575559,
      "Phone number": "(647) 748-1333",
      "Connection Status": "Not Responding",
      "Time since connected": 5,
      "": ""
    },
    {
      "Customer name": "Paul Hookham",
      "Street Address": "9428 Ridgewood St.",
      "City": "Morden",
      "Province": "MB",
      "Postal Code": "R6M 7M6",
      "Lattitude": 52.24523308,
      "Longitude": -113.74672,
      "Phone number": "(519) 472-5442",
      "Connection Status": "Connected",
      "Time since connected": 0,
      "": ""
    },
    {
      "Customer name": "Barbara Nichols",
      "Street Address": "9013 Charles Lane",
      "City": "Port Moody",
      "Province": "BC",
      "Postal Code": "V3H 3E3",
      "Lattitude": 53.58838198,
      "Longitude": -113.4524781,
      "Phone number": "(905) 814-9685",
      "Connection Status": "Connected",
      "Time since connected": 0,
      "": ""
    },
    {
      "Customer name": "Daniel Summers",
      "Street Address": "368 Wentworth St.",
      "City": "Tantallon",
      "Province": "NS",
      "Postal Code": "B3Z 1M5",
      "Lattitude": 53.55652353,
      "Longitude": -113.5342645,
      "Phone number": "(905) 827-1460",
      "Connection Status": "Not Responding",
      "Time since connected": 2,
      "": ""
    },
    {
      "Customer name": "Annie Young",
      "Street Address": "106 Country Drive",
      "City": "Carleton Place",
      "Province": "ON",
      "Postal Code": "K7C 9K3",
      "Lattitude": 53.55610499,
      "Longitude": -113.595147,
      "Phone number": "(905) 453-3799",
      "Connection Status": "Connected",
      "Time since connected": 0,
      "": ""
    },
    {
      "Customer name": "Kevin L. Morris",
      "Street Address": "78 North Lookout Court",
      "City": "Fourchu",
      "Province": "NS",
      "Postal Code": "B2J 9B2",
      "Lattitude": 53.52064009,
      "Longitude": -113.5210315,
      "Phone number": "(613) 841-8485",
      "Connection Status": "Not Responding",
      "Time since connected": 6,
      "": ""
    },
    {
      "Customer name": "Ian Cameron",
      "Street Address": "235 Boston Drive",
      "City": "McAdam",
      "Province": "NB",
      "Postal Code": "E6J 0C7",
      "Lattitude": 49.083631,
      "Longitude": -66.74124,
      "Phone number": "(416) 694-6945",
      "Connection Status": "Connected",
      "Time since connected": 0,
      "": ""
    },
    {
      "Customer name": "Matthew Armstrong",
      "Street Address": "29 Walt Whitman St.",
      "City": "Hartland",
      "Province": "NB",
      "Postal Code": "E7P 3N1",
      "Lattitude": 49.040649,
      "Longitude": -66.86329,
      "Phone number": "(416) 699-1465",
      "Connection Status": "Not Responding",
      "Time since connected": 9,
      "": ""
    },
    {
      "Customer name": "Neil Doell",
      "Street Address": "9 Manhattan Drive",
      "City": "Gaspésie-Nord",
      "Province": "QC",
      "Postal Code": "G0E 1Y1",
      "Lattitude": 49.04206,
      "Longitude": -66.857244,
      "Phone number": "(613) 595-1760",
      "Connection Status": "Connected",
      "Time since connected": 0,
      "": ""
    },
    {
      "Customer name": "Gregory Hession",
      "Street Address": "619 Grove Ave.",
      "City": "Nicolet",
      "Province": "QC",
      "Postal Code": "J3T 1K4",
      "Lattitude": 47.908113,
      "Longitude": -69.30547,
      "Phone number": "(416) 449-0276",
      "Connection Status": "Connected",
      "Time since connected": 0,
      "": ""
    },
    {
      "Customer name": "Matthew Barrett",
      "Street Address": "7892 Oak Valley Ave.",
      "City": "Red Deer County",
      "Province": "AB",
      "Postal Code": "T4E 8T5",
      "Lattitude": 47.814908,
      "Longitude": -69.147979,
      "Phone number": "(905) 636-6130",
      "Connection Status": "Connected",
      "Time since connected": 0,
      "": ""
    },
    {
      "Customer name": "Doug G. Burchill",
      "Street Address": "8673 Lakeview Street",
      "City": "Ottawa",
      "Province": "ON",
      "Postal Code": "K1G 4A7",
      "Lattitude": 47.856079,
      "Longitude": -69.247745,
      "Phone number": "(613) 739-4775",
      "Connection Status": "Connected",
      "Time since connected": 0,
      "": ""
    },
    {
      "Customer name": "Alain Houle",
      "Street Address": "3 Railroad St.",
      "City": "The Pas",
      "Province": "MB",
      "Postal Code": "R9A 7G8",
      "Lattitude": 47.896444,
      "Longitude": -69.332171,
      "Phone number": "(403) 246-7333",
      "Connection Status": "Not Responding",
      "Time since connected": 6,
      "": ""
    },
    {
      "Customer name": "Grant Hepworth",
      "Street Address": "120 Cemetery Dr.",
      "City": "Port Morien",
      "Province": "NS",
      "Postal Code": "B1B 5A3",
      "Lattitude": 47.814265,
      "Longitude": -69.148359,
      "Phone number": "(905) 568-8160",
      "Connection Status": "Connected",
      "Time since connected": 0,
      "": ""
    },
    {
      "Customer name": "Andrew Nelson",
      "Street Address": "9534 Water St.",
      "City": "L'Assomption",
      "Province": "QC",
      "Postal Code": "J5W 6V0",
      "Lattitude": 47.814908,
      "Longitude": -69.147979,
      "Phone number": "(416) 486-8011",
      "Connection Status": "Connected",
      "Time since connected": 0,
      "": ""
    },
    {
      "Customer name": "John Schrader",
      "Street Address": "270 Cherry Hill Road",
      "City": "Espanola",
      "Province": "ON",
      "Postal Code": "P5E 6P3",
      "Lattitude": 47.854706,
      "Longitude": -69.246146,
      "Phone number": "(519) 421-3127",
      "Connection Status": "Connected",
      "Time since connected": 0,
      "": ""
    },
    {
      "Customer name": "Laura Lynn Tyler Thompson",
      "Street Address": "709 S. Fawn Lane",
      "City": "Saint-Jacques",
      "Province": "NB",
      "Postal Code": "E7B 1L4",
      "Lattitude": 47.896444,
      "Longitude": -69.332171,
      "Phone number": "(416) 406-3441",
      "Connection Status": "Connected",
      "Time since connected": 0,
      "": ""
    },
    {
      "Customer name": "Paul Mitchell",
      "Street Address": "77 Livingston Ave.",
      "City": "Lockport",
      "Province": "MB",
      "Postal Code": "R1B 0G3",
      "Lattitude": 47.814265,
      "Longitude": -69.148359,
      "Phone number": "(416) 231-5973",
      "Connection Status": "Connected",
      "Time since connected": 0,
      "": ""
    },
    {
      "Customer name": "Darren Villetard",
      "Street Address": "7848 North Fieldstone Court",
      "City": "Saint-Isidore",
      "Province": "NB",
      "Postal Code": "E8M 4G6",
      "Lattitude": 47.814265,
      "Longitude": -69.148359,
      "Phone number": "(780) 475-2724",
      "Connection Status": "Connected",
      "Time since connected": 0,
      "": ""
    },
    {
      "Customer name": "Brigitte Cecelia",
      "Street Address": "786 Garden Street",
      "City": "Bois-Francs-Nord",
      "Province": "QC",
      "Postal Code": "J0G 0H7",
      "Lattitude": 46.54472,
      "Longitude": -72.351519,
      "Phone number": "(519) 770-0389",
      "Connection Status": "Connected",
      "Time since connected": 0,
      "": ""
    },
    {
      "Customer name": "Tyler Beauchamp",
      "Street Address": "9 Myers Ave.",
      "City": "Riverview",
      "Province": "NB",
      "Postal Code": "E1B 5L3",
      "Lattitude": 46.610728,
      "Longitude": -72.38503,
      "Phone number": "(604) 801-5292",
      "Connection Status": "Not Responding",
      "Time since connected": 6,
      "": ""
    },
    {
      "Customer name": "Douglas Galavan",
      "Street Address": "103 Middle River St.",
      "City": "Boucherville",
      "Province": "QC",
      "Postal Code": "J4B 0B3",
      "Lattitude": 46.617202,
      "Longitude": -72.385568,
      "Phone number": "(905) 560-7027",
      "Connection Status": "Not Responding",
      "Time since connected": 4,
      "": ""
    },
    {
      "Customer name": "James Duncan",
      "Street Address": "7165 Brickyard Street",
      "City": "Midland",
      "Province": "ON",
      "Postal Code": "L4R 2V8",
      "Lattitude": 46.572076,
      "Longitude": -72.204145,
      "Phone number": "(902) 566-4315",
      "Connection Status": "Connected",
      "Time since connected": 0,
      "": ""
    },
    {
      "Customer name": "Rocky Dong",
      "Street Address": "664 Laurel Street",
      "City": "Blackville",
      "Province": "NB",
      "Postal Code": "E9B 8C7",
      "Lattitude": 46.627191,
      "Longitude": -72.394474,
      "Phone number": "(705) 728-5833",
      "Connection Status": "Not Responding",
      "Time since connected": 6,
      "": ""
    },
    {
      "Customer name": "Al Rawdah",
      "Street Address": "9836 York Rd.",
      "City": "Duvernay",
      "Province": "QC",
      "Postal Code": "H7E 9K9",
      "Lattitude": 46.610728,
      "Longitude": -72.38503,
      "Phone number": "(780) 471-3807",
      "Connection Status": "Connected",
      "Time since connected": 0,
      "": ""
    },
    {
      "Customer name": "Jing Lan Yang",
      "Street Address": "844 Mill St.",
      "City": "Arnprior",
      "Province": "ON",
      "Postal Code": "K7S 6C1",
      "Lattitude": 46.617202,
      "Longitude": -72.385568,
      "Phone number": "(819) 561-3031",
      "Connection Status": "Not Responding",
      "Time since connected": 7,
      "": ""
    },
    {
      "Customer name": "Allan G. Duncan",
      "Street Address": "9387 Alton Road",
      "City": "New Glasgow",
      "Province": "NS",
      "Postal Code": "B2H 1N5",
      "Lattitude": 46.651565,
      "Longitude": -72.271219,
      "Phone number": "(905) 297-9591",
      "Connection Status": "Connected",
      "Time since connected": 0,
      "": ""
    },
    {
      "Customer name": "Rob Bogunovic",
      "Street Address": "1 West Kent Drive",
      "City": "Centreville",
      "Province": "NB",
      "Postal Code": "E7K 5K0",
      "Lattitude": 46.572076,
      "Longitude": -72.204145,
      "Phone number": "(780) 416-1775",
      "Connection Status": "Not Responding",
      "Time since connected": 4,
      "": ""
    },
    {
      "Customer name": "Ian Kennedy",
      "Street Address": "26 Squaw Creek St.",
      "City": "Waverley",
      "Province": "NS",
      "Postal Code": "B2R 8L5",
      "Lattitude": 46.54472,
      "Longitude": -72.351519,
      "Phone number": "(780) 436-7766",
      "Connection Status": "Connected",
      "Time since connected": 0,
      "": ""
    },
    {
      "Customer name": "Roland Spornicu",
      "Street Address": "9022 Myers Drive",
      "City": "Hampstead",
      "Province": "QC",
      "Postal Code": "H3X 2G5",
      "Lattitude": 46.572985,
      "Longitude": -72.208302,
      "Phone number": "(450) 653-7472",
      "Connection Status": "Connected",
      "Time since connected": 0,
      "": ""
    },
    {
      "Customer name": "Troy Whitley",
      "Street Address": "17 Adams Street",
      "City": "Farnham",
      "Province": "QC",
      "Postal Code": "J2N 2T0",
      "Lattitude": 46.564735,
      "Longitude": -72.203109,
      "Phone number": "(418) 659-2132",
      "Connection Status": "Connected",
      "Time since connected": 0,
      "": ""
    },
    {
      "Customer name": "Rhonda Chen",
      "Street Address": "18 Thomas Street",
      "City": "Manitoulin",
      "Province": "ON",
      "Postal Code": "P0P 5R1",
      "Lattitude": 46.570985,
      "Longitude": -72.214638,
      "Phone number": "(250) 385-6151",
      "Connection Status": "Connected",
      "Time since connected": 0,
      "": ""
    },
    {
      "Customer name": "Angelina Ireland",
      "Street Address": "969 West White Road",
      "City": "Cap-Pelé",
      "Province": "NB",
      "Postal Code": "E4N 1R3",
      "Lattitude": 46.566693,
      "Longitude": -72.199552,
      "Phone number": "(403) 202-0200",
      "Connection Status": "Connected",
      "Time since connected": 0,
      "": ""
    },
    {
      "Customer name": "Jeremy Gustafson",
      "Street Address": "577 S. Circle Drive",
      "City": "Hampton",
      "Province": "NB",
      "Postal Code": "E5N 6A7",
      "Lattitude": 46.571667,
      "Longitude": -72.256389,
      "Phone number": "(613) 726-7665",
      "Connection Status": "Connected",
      "Time since connected": 0,
      "": ""
    },
    {
      "Customer name": "Mike Poulin",
      "Street Address": "476C Redwood Ave.",
      "City": "Outer Nunavut",
      "Province": "NU",
      "Postal Code": "X0A 3N8",
      "Lattitude": 46.648902,
      "Longitude": -72.231721,
      "Phone number": "(780) 434-5620",
      "Connection Status": "Not Responding",
      "Time since connected": 5,
      "": ""
    },
    {
      "Customer name": "Kenneth Finlayson",
      "Street Address": "6 Windfall Road",
      "City": "Dominion",
      "Province": "NS",
      "Postal Code": "B1G 0H3",
      "Lattitude": 46.550568,
      "Longitude": -72.228249,
      "Phone number": "(306) 955-5799",
      "Connection Status": "Connected",
      "Time since connected": 0,
      "": ""
    },
    {
      "Customer name": "John Barr",
      "Street Address": "769 Del Monte St.",
      "City": "Winnipeg",
      "Province": "MB",
      "Postal Code": "R2C 3S0",
      "Lattitude": 46.57893,
      "Longitude": -72.18546,
      "Phone number": "(306) 955-1955",
      "Connection Status": "Connected",
      "Time since connected": 0,
      "": ""
    },
    {
      "Customer name": "Rick Stewart",
      "Street Address": "56 Corona Ave.",
      "City": "Laurentides-Sud",
      "Province": "QC",
      "Postal Code": "J0V 3R0",
      "Lattitude": 46.54472,
      "Longitude": -72.351519,
      "Phone number": "(902) 466-3388",
      "Connection Status": "Connected",
      "Time since connected": 0,
      "": ""
    },
    {
      "Customer name": "Natalie DiPietra",
      "Street Address": "77 Jackson Street",
      "City": "Val-d'Or",
      "Province": "QC",
      "Postal Code": "J9P 0N6",
      "Lattitude": 46.62164,
      "Longitude": -72.383419,
      "Phone number": "(902) 455-3388",
      "Connection Status": "Connected",
      "Time since connected": 0,
      "": ""
    },
    {
      "Customer name": "Julius \"Nick\" Csaszar",
      "Street Address": "2 West Newcastle Drive",
      "City": "Greely",
      "Province": "ON",
      "Postal Code": "K4P 7A0",
      "Lattitude": 46.984675,
      "Longitude": -71.369633,
      "Phone number": "(902) 893-2288",
      "Connection Status": "Connected",
      "Time since connected": 0,
      "": ""
    },
    {
      "Customer name": "Jennifer Clarke",
      "Street Address": "64 Manhattan St.",
      "City": "Kingston",
      "Province": "NB",
      "Postal Code": "E5S 1M3",
      "Lattitude": 48.33045164,
      "Longitude": -70.8827499,
      "Phone number": "(514) 735-4086",
      "Connection Status": "Not Responding",
      "Time since connected": 2,
      "": ""
    },
    {
      "Customer name": "Hansen Ginn",
      "Street Address": "939 Amerige Ave.",
      "City": "Burin Peninsula",
      "Province": "LB",
      "Postal Code": "A0E 8Y0",
      "Lattitude": 48.45074984,
      "Longitude": -71.08782511,
      "Phone number": "(418) 660-0623",
      "Connection Status": "Connected",
      "Time since connected": 0,
      "": ""
    },
    {
      "Customer name": "Brian Rundle",
      "Street Address": "497 Shore Court",
      "City": "Stanley",
      "Province": "NB",
      "Postal Code": "E6B 8M4",
      "Lattitude": 46.30223262,
      "Longitude": -72.58416529,
      "Phone number": "(780) 418-1681",
      "Connection Status": "Not Responding",
      "Time since connected": 6,
      "": ""
    },
    {
      "Customer name": "Kyle Delfing",
      "Street Address": "34 Elmwood Drive",
      "City": "La Plaine",
      "Province": "QC",
      "Postal Code": "J7M 3P9",
      "Lattitude": 46.29709055,
      "Longitude": -72.5342936,
      "Phone number": "(450) 373-0519",
      "Connection Status": "Not Responding",
      "Time since connected": 5,
      "": ""
    },
    {
      "Customer name": "Azmairnin Jadavji",
      "Street Address": "41 Brewery St.",
      "City": "Enfield",
      "Province": "NS",
      "Postal Code": "B2T 6J6",
      "Lattitude": 45.58144876,
      "Longitude": -73.70832379,
      "Phone number": "(204) 783-4319",
      "Connection Status": "Connected",
      "Time since connected": 0,
      "": ""
    },
    {
      "Customer name": "Bryton Cherrier",
      "Street Address": "9728 E. Ryan St.",
      "City": "Trenton",
      "Province": "ON",
      "Postal Code": "K8V 2S2",
      "Lattitude": 46.251692,
      "Longitude": -73.131478,
      "Phone number": "(204) 667-8248",
      "Connection Status": "Connected",
      "Time since connected": 0,
      "": ""
    },
    {
      "Customer name": "Jayson Chabot",
      "Street Address": "9997 Mill Pond St.",
      "City": "Rivière-du-Loup",
      "Province": "QC",
      "Postal Code": "G5R 3T4",
      "Lattitude": 46.330285,
      "Longitude": -73.144828,
      "Phone number": "(204) 339-8895",
      "Connection Status": "Connected",
      "Time since connected": 0,
      "": ""
    },
    {
      "Customer name": "Ron Vaillant",
      "Street Address": "9165 West Beach St.",
      "City": "L'Île-Dorval",
      "Province": "QC",
      "Postal Code": "H9S 2A2",
      "Lattitude": 46.229073,
      "Longitude": -73.072701,
      "Phone number": "(902) 492-3388",
      "Connection Status": "Connected",
      "Time since connected": 0,
      "": ""
    },
    {
      "Customer name": "Ivan Pak",
      "Street Address": "1 Front Ave.",
      "City": "Lanaudière-Sud",
      "Province": "QC",
      "Postal Code": "J0R 0X8",
      "Lattitude": 46.189005,
      "Longitude": -73.116996,
      "Phone number": "(604) 420-7979",
      "Connection Status": "Connected",
      "Time since connected": 0,
      "": ""
    },
    {
      "Customer name": "Ron Broda",
      "Street Address": "8561 Sugar Street",
      "City": "Elgin",
      "Province": "ON",
      "Postal Code": "N0L 4P7",
      "Lattitude": 46.262215,
      "Longitude": -73.096111,
      "Phone number": "(416) 492-8800",
      "Connection Status": "Connected",
      "Time since connected": 0,
      "": ""
    },
    {
      "Customer name": "Jody Craven",
      "Street Address": "15 Mayflower Dr.",
      "City": "Yarmouth",
      "Province": "NS",
      "Postal Code": "B5A 8H0",
      "Lattitude": 46.20003,
      "Longitude": -73.032902,
      "Phone number": "(604) 854-1988",
      "Connection Status": "Connected",
      "Time since connected": 0,
      "": ""
    },
    {
      "Customer name": "Sean Taylor",
      "Street Address": "8587 Creek Ave.",
      "City": "Lacombe",
      "Province": "AB",
      "Postal Code": "T4L 2A4",
      "Lattitude": 46.308228,
      "Longitude": -73.070888,
      "Phone number": "(604) 532-9099",
      "Connection Status": "Connected",
      "Time since connected": 0,
      "": ""
    },
    {
      "Customer name": "Joel Poulin",
      "Street Address": "7325 Hawthorne Ave.",
      "City": "Stittsville",
      "Province": "ON",
      "Postal Code": "K2S 5C1",
      "Lattitude": 46.283359,
      "Longitude": -73.033385,
      "Phone number": "(604) 273-2203",
      "Connection Status": "Connected",
      "Time since connected": 0,
      "": ""
    },
    {
      "Customer name": "Jaswinder Singh Dilawari",
      "Street Address": "8716 Wentworth Ave.",
      "City": "Highlands",
      "Province": "BC",
      "Postal Code": "V9B 1P9",
      "Lattitude": 46.330285,
      "Longitude": -73.144828,
      "Phone number": "(506) 857-3930",
      "Connection Status": "Connected",
      "Time since connected": 0,
      "": ""
    },
    {
      "Customer name": "Benjamin Sears",
      "Street Address": "10 Valley Lane",
      "City": "Saint-Constant",
      "Province": "QC",
      "Postal Code": "J5A 9M0",
      "Lattitude": 46.229073,
      "Longitude": -73.072701,
      "Phone number": "(416) 588-6668",
      "Connection Status": "Connected",
      "Time since connected": 0,
      "": ""
    },
    {
      "Customer name": "Louise A. Kierans",
      "Street Address": "32 W. Lexington Drive",
      "City": "Lanaudière-Nord",
      "Province": "QC",
      "Postal Code": "J0K 9P7",
      "Lattitude": 46.189005,
      "Longitude": -73.116996,
      "Phone number": "(905) 815-8871",
      "Connection Status": "Connected",
      "Time since connected": 0,
      "": ""
    },
    {
      "Customer name": "Karin Litzcke",
      "Street Address": "552 Country Lane",
      "City": "Deer Lake",
      "Province": "LB",
      "Postal Code": "A8A 9C8",
      "Lattitude": 46.221913,
      "Longitude": -73.180594,
      "Phone number": "(416) 785-6216",
      "Connection Status": "Not Responding",
      "Time since connected": 2,
      "": ""
    },
    {
      "Customer name": "Naomi Chocyk",
      "Street Address": "48 Essex Road",
      "City": "Fort Frances",
      "Province": "ON",
      "Postal Code": "P9A 0N9",
      "Lattitude": 46.308229,
      "Longitude": -73.070891,
      "Phone number": "(905) 760-8157",
      "Connection Status": "Not Responding",
      "Time since connected": 2,
      "": ""
    },
    {
      "Customer name": "Ian Torn",
      "Street Address": "8836 N. Strawberry St.",
      "City": "Laval-des-Rapides",
      "Province": "QC",
      "Postal Code": "H7N 8J1",
      "Lattitude": 46.317932,
      "Longitude": -73.130202,
      "Phone number": "(514) 849-5646",
      "Connection Status": "Connected",
      "Time since connected": 0,
      "": ""
    },
    {
      "Customer name": "Sandra Filosof-Schipper",
      "Street Address": "632 West Sherwood Street",
      "City": "Grand Manan Island",
      "Province": "NB",
      "Postal Code": "E5G 9B5",
      "Lattitude": 46.308228,
      "Longitude": -73.070888,
      "Phone number": "(819) 775-3687",
      "Connection Status": "Connected",
      "Time since connected": 0,
      "": ""
    },
    {
      "Customer name": "Alain Deng",
      "Street Address": "8144 Silver Spear Lane",
      "City": "Estevan",
      "Province": "SK",
      "Postal Code": "S4A 1R0",
      "Lattitude": 46.228663,
      "Longitude": -73.019145,
      "Phone number": "(902) 661-2192",
      "Connection Status": "Connected",
      "Time since connected": 0,
      "": ""
    },
    {
      "Customer name": "Alyson Culbert",
      "Street Address": "214 Lantern St.",
      "City": "Port Perry",
      "Province": "ON",
      "Postal Code": "L9L 9K6",
      "Lattitude": 46.229127,
      "Longitude": -73.070853,
      "Phone number": "(416) 654-9092",
      "Connection Status": "Connected",
      "Time since connected": 0,
      "": ""
    },
    {
      "Customer name": "Robert Bebb",
      "Street Address": "9 Halifax St.",
      "City": "Blackville",
      "Province": "NB",
      "Postal Code": "E9B 4P7",
      "Lattitude": 46.331716,
      "Longitude": -73.072917,
      "Phone number": "(902) 742-3388",
      "Connection Status": "Not Responding",
      "Time since connected": 3,
      "": ""
    },
    {
      "Customer name": "Rob Lussier",
      "Street Address": "9 Kirkland St.",
      "City": "Labrador City",
      "Province": "LB",
      "Postal Code": "A2V 8P6",
      "Lattitude": 46.190155,
      "Longitude": -73.011623,
      "Phone number": "(306) 949-5397",
      "Connection Status": "Connected",
      "Time since connected": 0,
      "": ""
    },
    {
      "Customer name": "Steven Fletcher",
      "Street Address": "8970 Ann Street",
      "City": "Mont-Laurier",
      "Province": "QC",
      "Postal Code": "J9L 2E3",
      "Lattitude": 46.308229,
      "Longitude": -73.070891,
      "Phone number": "(613) 232-4800",
      "Connection Status": "Connected",
      "Time since connected": 0,
      "": ""
    },
    {
      "Customer name": "Kenneth M. Klyne",
      "Street Address": "698 Newport Street",
      "City": "Esquimalt",
      "Province": "BC",
      "Postal Code": "V9A 5X2",
      "Lattitude": 46.274722,
      "Longitude": -73.111944,
      "Phone number": "(403) 275-3500",
      "Connection Status": "Connected",
      "Time since connected": 0,
      "": ""
    },
    {
      "Customer name": "Frank Godon",
      "Street Address": "528 Windfall Ave.",
      "City": "Flin Flon",
      "Province": "MB",
      "Postal Code": "R8A 1E9",
      "Lattitude": 46.308228,
      "Longitude": -73.070888,
      "Phone number": "(403) 225-6593",
      "Connection Status": "Connected",
      "Time since connected": 0,
      "": ""
    },
    {
      "Customer name": "Noel Gautron",
      "Street Address": "822 Wagon Lane",
      "City": "Durham Bridge",
      "Province": "NB",
      "Postal Code": "E6C 1E1",
      "Lattitude": 46.247297,
      "Longitude": -73.202861,
      "Phone number": "(780) 476-3266",
      "Connection Status": "Not Responding",
      "Time since connected": 6,
      "": ""
    },
    {
      "Customer name": "Martin W. Deck",
      "Street Address": "7108 Lakeview St.",
      "City": "Cowansville",
      "Province": "QC",
      "Postal Code": "J2K 3P0",
      "Lattitude": 46.215547,
      "Longitude": -73.171547,
      "Phone number": "(780) 463-0864",
      "Connection Status": "Connected",
      "Time since connected": 0,
      "": ""
    },
    {
      "Customer name": "Aaron Archer",
      "Street Address": "99 Charles Dr.",
      "City": "Asbestos",
      "Province": "QC",
      "Postal Code": "J1T 9S6",
      "Lattitude": 46.310138,
      "Longitude": -73.089698,
      "Phone number": "(403) 309-3700",
      "Connection Status": "Connected",
      "Time since connected": 0,
      "": ""
    },
    {
      "Customer name": "Wayne Sturby",
      "Street Address": "43 Indian Summer Lane",
      "City": "Saint-Félicien",
      "Province": "QC",
      "Postal Code": "G8K 4B1",
      "Lattitude": 46.246502,
      "Longitude": -73.128588,
      "Phone number": "(250) 370-4339",
      "Connection Status": "Not Responding",
      "Time since connected": 9,
      "": ""
    },
    {
      "Customer name": "Adam McAllister",
      "Street Address": "71 Mill Pond Street",
      "City": "Sainte-Rose",
      "Province": "QC",
      "Postal Code": "H7L 5R2",
      "Lattitude": 45.44752,
      "Longitude": -74.147166,
      "Phone number": "(250) 382-4196",
      "Connection Status": "Connected",
      "Time since connected": 0,
      "": ""
    },
    {
      "Customer name": "Ian Kathwaroon",
      "Street Address": "9028 Wilson Ave.",
      "City": "Inner Nunavut",
      "Province": "NU",
      "Postal Code": "X0C 6J7",
      "Lattitude": 45.464502,
      "Longitude": -74.259345,
      "Phone number": "(204) 571-6976",
      "Connection Status": "Connected",
      "Time since connected": 0,
      "": ""
    },
    {
      "Customer name": "Yogi Henderson",
      "Street Address": "11 Bear Hill Lane",
      "City": "Cold Lake",
      "Province": "AB",
      "Postal Code": "T9M 3V4",
      "Lattitude": 45.466178,
      "Longitude": -74.260504,
      "Phone number": "(416) 296-9160",
      "Connection Status": "Not Responding",
      "Time since connected": 6,
      "": ""
    },
    {
      "Customer name": "Victor Ong",
      "Street Address": "272 Euclid Court",
      "City": "Portage la Prairie",
      "Province": "MB",
      "Postal Code": "R1N 9Y9",
      "Lattitude": 45.463093,
      "Longitude": -74.152048,
      "Phone number": "(905) 984-6388",
      "Connection Status": "Connected",
      "Time since connected": 0,
      "": ""
    },
    {
      "Customer name": "Mirwais Nasiri",
      "Street Address": "354 Anderson St.",
      "City": "Fort St. John",
      "Province": "BC",
      "Postal Code": "V1J 5K8",
      "Lattitude": 45.453273,
      "Longitude": -74.132871,
      "Phone number": "(416) 603-7979",
      "Connection Status": "Connected",
      "Time since connected": 0,
      "": ""
    },
    {
      "Customer name": "Jane MacDiarmid",
      "Street Address": "8 Mechanic Ave.",
      "City": "St. Mary's",
      "Province": "ON",
      "Postal Code": "N4X 1P7",
      "Lattitude": 45.480136,
      "Longitude": -74.256057,
      "Phone number": "(519) 250-7998",
      "Connection Status": "Connected",
      "Time since connected": 0,
      "": ""
    },
    {
      "Customer name": "Pastor Nancy Mercier",
      "Street Address": "8790 East Hillcrest Road",
      "City": "Salisbury",
      "Province": "NB",
      "Postal Code": "E4J 9J7",
      "Lattitude": 45.450677,
      "Longitude": -74.109723,
      "Phone number": "(519) 974-5924",
      "Connection Status": "Connected",
      "Time since connected": 0,
      "": ""
    },
    {
      "Customer name": "Jason Paull",
      "Street Address": "788 Elizabeth Lane",
      "City": "Youngs Cove",
      "Province": "NB",
      "Postal Code": "E4C 7L7",
      "Lattitude": 45.441537,
      "Longitude": -74.107513,
      "Phone number": "(450) 692-5136",
      "Connection Status": "Connected",
      "Time since connected": 0,
      "": ""
    },
    {
      "Customer name": "Rudolf Neumayer",
      "Street Address": "9507 Cobblestone Rd.",
      "City": "Acton",
      "Province": "ON",
      "Postal Code": "L7J 6H5",
      "Lattitude": 45.482691,
      "Longitude": -74.214034,
      "Phone number": "(450) 375-4355",
      "Connection Status": "Connected",
      "Time since connected": 0,
      "": ""
    },
    {
      "Customer name": "Ron Nowlan",
      "Street Address": "9830 South Garden Dr.",
      "City": "Fourchu",
      "Province": "NS",
      "Postal Code": "B2J 0C8",
      "Lattitude": 45.472724,
      "Longitude": -74.182656,
      "Phone number": "(450) 686-7566",
      "Connection Status": "Connected",
      "Time since connected": 0,
      "": ""
    },
    {
      "Customer name": "Stephen Driver",
      "Street Address": "8214 Crescent Dr.",
      "City": "Port Moody",
      "Province": "BC",
      "Postal Code": "V3H 1Y9",
      "Lattitude": 45.864464,
      "Longitude": -74.066328,
      "Phone number": "(819) 694-6812",
      "Connection Status": "Connected",
      "Time since connected": 0,
      "": ""
    },
    {
      "Customer name": "Meryl Sarty",
      "Street Address": "476 Jackson Dr.",
      "City": "New Waterford",
      "Province": "NS",
      "Postal Code": "B1H 1M2",
      "Lattitude": 45.864464,
      "Longitude": -74.066328,
      "Phone number": "(306) 949-5395",
      "Connection Status": "Connected",
      "Time since connected": 0,
      "": ""
    },
    {
      "Customer name": "Adam J. C. Salesse",
      "Street Address": "33 Hillcrest Rd.",
      "City": "Elizabethtown",
      "Province": "ON",
      "Postal Code": "K6T 9R5",
      "Lattitude": 45.853502,
      "Longitude": -74.136899,
      "Phone number": "(416) 482-8504",
      "Connection Status": "Connected",
      "Time since connected": 0,
      "": ""
    },
    {
      "Customer name": "Dominic Guay",
      "Street Address": "560 S. Saxon Street",
      "City": "Beaconsfield",
      "Province": "QC",
      "Postal Code": "H9W 7R9",
      "Lattitude": 45.853502,
      "Longitude": -74.136899,
      "Phone number": "(905) 417-9325",
      "Connection Status": "Not Responding",
      "Time since connected": 7,
      "": ""
    },
    {
      "Customer name": "Nathan Moore",
      "Street Address": "7991 St Margarets Dr.",
      "City": "Bradford",
      "Province": "ON",
      "Postal Code": "L3Z 5N4",
      "Lattitude": 45.84688,
      "Longitude": -74.184222,
      "Phone number": "(905) 823-1209",
      "Connection Status": "Connected",
      "Time since connected": 0,
      "": ""
    },
    {
      "Customer name": "Ben Ruckpaul",
      "Street Address": "45 Santa Clara Rd.",
      "City": "Saint-Antoine",
      "Province": "NB",
      "Postal Code": "E4V 9R7",
      "Lattitude": 45.84688,
      "Longitude": -74.184222,
      "Phone number": "(506) 773-5000",
      "Connection Status": "Connected",
      "Time since connected": 0,
      "": ""
    },
    {
      "Customer name": "Luke Quinlan",
      "Street Address": "815 Rockcrest Rd.",
      "City": "Gaspésie-Sud",
      "Province": "QC",
      "Postal Code": "G0C 6Y1",
      "Lattitude": 45.873327,
      "Longitude": -74.077192,
      "Phone number": "(506) 860-7633",
      "Connection Status": "Connected",
      "Time since connected": 0,
      "": ""
    },
    {
      "Customer name": "Billy Joyce",
      "Street Address": "8208 Kent Road",
      "City": "Donnacona",
      "Province": "QC",
      "Postal Code": "G3M 3E2",
      "Lattitude": 45.873327,
      "Longitude": -74.077192,
      "Phone number": "(604) 983-9744",
      "Connection Status": "Not Responding",
      "Time since connected": 7,
      "": ""
    },
    {
      "Customer name": "Al Muir",
      "Street Address": "86 King St.",
      "City": "Bonnyville",
      "Province": "AB",
      "Postal Code": "T9N 7M3",
      "Lattitude": 45.885413,
      "Longitude": -74.160417,
      "Phone number": "(613) 590-2237",
      "Connection Status": "Not Responding",
      "Time since connected": 5,
      "": ""
    },
    {
      "Customer name": "William J. Archer",
      "Street Address": "169 Warren Lane",
      "City": "Langley City",
      "Province": "BC",
      "Postal Code": "V3A 1E8",
      "Lattitude": 45.885413,
      "Longitude": -74.160417,
      "Phone number": "(519) 691-0494",
      "Connection Status": "Connected",
      "Time since connected": 0,
      "": ""
    },
    {
      "Customer name": "Michelle A. M. Lindsay",
      "Street Address": "9838 Hill Ave.",
      "City": "Chaudière-Nord",
      "Province": "QC",
      "Postal Code": "G0S 4S4",
      "Lattitude": 45.853502,
      "Longitude": -74.136899,
      "Phone number": "(613) 746-8546",
      "Connection Status": "Connected",
      "Time since connected": 0,
      "": ""
    },
    {
      "Customer name": "Pavel Boubnov",
      "Street Address": "9605 Pacific Ave.",
      "City": "Metchosin",
      "Province": "BC",
      "Postal Code": "V9C 5L8",
      "Lattitude": 45.853502,
      "Longitude": -74.136899,
      "Phone number": "(403) 202-1801",
      "Connection Status": "Connected",
      "Time since connected": 0,
      "": ""
    },
    {
      "Customer name": "Crystal Vargas",
      "Street Address": "89 Indian Spring Street",
      "City": "Chibougamau",
      "Province": "QC",
      "Postal Code": "G8P 7S1",
      "Lattitude": 45.883216,
      "Longitude": -74.168831,
      "Phone number": "(450) 359-4941",
      "Connection Status": "Connected",
      "Time since connected": 0,
      "": ""
    },
    {
      "Customer name": "Matthew Southall",
      "Street Address": "32 Annadale Street",
      "City": "Torbay",
      "Province": "LB",
      "Postal Code": "A1K 1T3",
      "Lattitude": 45.883216,
      "Longitude": -74.168831,
      "Phone number": "(514) 695-1554",
      "Connection Status": "Connected",
      "Time since connected": 0,
      "": ""
    },
    {
      "Customer name": "Sybil Hogg",
      "Street Address": "8223 Pendergast Street",
      "City": "Saint-Luc",
      "Province": "QC",
      "Postal Code": "J2W 3T5",
      "Lattitude": 45.8826,
      "Longitude": -74.174676,
      "Phone number": "(902) 455-1778",
      "Connection Status": "Connected",
      "Time since connected": 0,
      "": ""
    },
    {
      "Customer name": "Robert Monk",
      "Street Address": "7088 Race Rd.",
      "City": "Old Montreal",
      "Province": "QC",
      "Postal Code": "H2Y 9T1",
      "Lattitude": 45.8826,
      "Longitude": -74.174676,
      "Phone number": "(905) 727-3733",
      "Connection Status": "Not Responding",
      "Time since connected": 8,
      "": ""
    },
    {
      "Customer name": "Chad Hudson",
      "Street Address": "9089 North Lantern Drive",
      "City": "Kirkland",
      "Province": "QC",
      "Postal Code": "H9J 9B1",
      "Lattitude": 45.874397,
      "Longitude": -74.078648,
      "Phone number": "(416) 633-8954",
      "Connection Status": "Connected",
      "Time since connected": 0,
      "": ""
    },
    {
      "Customer name": "Susanna Russo",
      "Street Address": "9 Beaver Ridge St.",
      "City": "Beaumont",
      "Province": "AB",
      "Postal Code": "T4X 5P6",
      "Lattitude": 45.874397,
      "Longitude": -74.078648,
      "Phone number": "(705) 326-1417",
      "Connection Status": "Connected",
      "Time since connected": 0,
      "": ""
    },
    {
      "Customer name": "Dave DeLisle",
      "Street Address": "54 Valley Farms Ave.",
      "City": "Whitehorse",
      "Province": "Yuk",
      "Postal Code": "on Y1A 4",
      "Lattitude": 45.888352,
      "Longitude": -74.146942,
      "Phone number": "(902) 681-3388",
      "Connection Status": "Connected",
      "Time since connected": 0,
      "": ""
    },
    {
      "Customer name": "Stephanie Robinson",
      "Street Address": "5 West 1st Rd.",
      "City": "Hébertville",
      "Province": "QC",
      "Postal Code": "G8N 9A2",
      "Lattitude": 45.888352,
      "Longitude": -74.146942,
      "Phone number": "(416) 351-1522",
      "Connection Status": "Connected",
      "Time since connected": 0,
      "": ""
    },
    {
      "Customer name": "David Patterson",
      "Street Address": "7 Bishop Street",
      "City": "Tillsonburg",
      "Province": "ON",
      "Postal Code": "N4G 4C7",
      "Lattitude": 45.902525,
      "Longitude": -74.25129,
      "Phone number": "(506) 532-3399",
      "Connection Status": "Connected",
      "Time since connected": 0,
      "": "V3"
    },
    {
      "Customer name": "Paul Bordonaro",
      "Street Address": "824 Winchester Ave.",
      "City": "Ponoka",
      "Province": "AB",
      "Postal Code": "T4J 3J0",
      "Lattitude": 45.902525,
      "Longitude": -74.25129,
      "Phone number": "(416) 644-0288",
      "Connection Status": "Connected",
      "Time since connected": 0,
      "": ""
    },
    {
      "Customer name": "Deborah McKenzie",
      "Street Address": "721 Grandrose Ave.",
      "City": "Gloucester",
      "Province": "ON",
      "Postal Code": "K1B 7M6",
      "Lattitude": 45.883354,
      "Longitude": -74.149802,
      "Phone number": "(250) 703-2008",
      "Connection Status": "Connected",
      "Time since connected": 0,
      "": ""
    },
    {
      "Customer name": "Baljit Singh Bawa",
      "Street Address": "993 Maple Lane",
      "City": "Leduc",
      "Province": "AB",
      "Postal Code": "T9E 8E0",
      "Lattitude": 45.883354,
      "Longitude": -74.149802,
      "Phone number": "(250) 390-1820",
      "Connection Status": "Connected",
      "Time since connected": 0,
      "": ""
    },
    {
      "Customer name": "Gaurav Walia",
      "Street Address": "5 Ocean Lane",
      "City": "Grande-Anse",
      "Province": "NB",
      "Postal Code": "E8N 7P8",
      "Lattitude": 45.879465,
      "Longitude": -74.116051,
      "Phone number": "(604) 682-4333",
      "Connection Status": "Not Responding",
      "Time since connected": 6,
      "": ""
    },
    {
      "Customer name": "Keith Frazer",
      "Street Address": "686 Sheffield Street",
      "City": "Roxboro",
      "Province": "QC",
      "Postal Code": "H8Y 1C6",
      "Lattitude": 45.879465,
      "Longitude": -74.116051,
      "Phone number": "(250) 478-3912",
      "Connection Status": "Connected",
      "Time since connected": 0,
      "": ""
    },
    {
      "Customer name": "Rajwinder Ghuman",
      "Street Address": "9000 Princeton Dr.",
      "City": "Concord",
      "Province": "ON",
      "Postal Code": "L4K 5A2",
      "Lattitude": 45.916687,
      "Longitude": -74.116468,
      "Phone number": "(604) 433-8000",
      "Connection Status": "Connected",
      "Time since connected": 0,
      "": ""
    },
    {
      "Customer name": "Roger Sampson",
      "Street Address": "33 Alderwood Rd.",
      "City": "Kirkland Lake",
      "Province": "ON",
      "Postal Code": "P2N 9H7",
      "Lattitude": 45.916687,
      "Longitude": -74.116468,
      "Phone number": "(250) 385-8000",
      "Connection Status": "Not Responding",
      "Time since connected": 5,
      "": ""
    },
    {
      "Customer name": "Dave Wrobel",
      "Street Address": "99-8785 Liberty Drive",
      "City": "Windsor",
      "Province": "QC",
      "Postal Code": "J1S 7V5",
      "Lattitude": 45.876688,
      "Longitude": -74.168691,
      "Phone number": "(250) 386-2282",
      "Connection Status": "Connected",
      "Time since connected": 0,
      "": ""
    },
    {
      "Customer name": "Bill Townsend",
      "Street Address": "526 West High Noon Street",
      "City": "Port-Cartier",
      "Province": "QC",
      "Postal Code": "G5B 8A4",
      "Lattitude": 45.876688,
      "Longitude": -74.168691,
      "Phone number": "(604) 267-1011",
      "Connection Status": "Connected",
      "Time since connected": 0,
      "": ""
    },
    {
      "Customer name": "Peter Smetana",
      "Street Address": "334 Princeton Street",
      "City": "Tour de la Bourse",
      "Province": "QC",
      "Postal Code": "H4Z 4C3",
      "Lattitude": 45.910065,
      "Longitude": -74.160353,
      "Phone number": "(905) 632-9050",
      "Connection Status": "Connected",
      "Time since connected": 0,
      "": ""
    },
    {
      "Customer name": "Dr. David M. Haskell",
      "Street Address": "48 Belmont Ave.",
      "City": "Wolfville",
      "Province": "NS",
      "Postal Code": "B4P 5M5",
      "Lattitude": 45.910065,
      "Longitude": -74.160353,
      "Phone number": "(905) 272-9899",
      "Connection Status": "Connected",
      "Time since connected": 0,
      "": ""
    },
    {
      "Customer name": "Alain Musende",
      "Street Address": "7389 Thatcher Lane",
      "City": "Meadow Lake",
      "Province": "SK",
      "Postal Code": "S9X 7V2",
      "Lattitude": 45.901965,
      "Longitude": -74.195637,
      "Phone number": "(905) 279-1909",
      "Connection Status": "Connected",
      "Time since connected": 0,
      "": ""
    },
    {
      "Customer name": "John Balagtas",
      "Street Address": "7938 Walnutwood Rd.",
      "City": "Athabasca",
      "Province": "AB",
      "Postal Code": "T9S 5P2",
      "Lattitude": 45.901965,
      "Longitude": -74.195637,
      "Phone number": "(450) 436-5895",
      "Connection Status": "Connected",
      "Time since connected": 0,
      "": ""
    },
    {
      "Customer name": "Francesco Ciardullo",
      "Street Address": "8 Highland Avenue",
      "City": "Essex",
      "Province": "ON",
      "Postal Code": "N0R 9C6",
      "Lattitude": 45.895,
      "Longitude": -74.138889,
      "Phone number": "(403) 253-0229",
      "Connection Status": "Connected",
      "Time since connected": 0,
      "": ""
    },
    {
      "Customer name": "John Hendry",
      "Street Address": "655 Fawn Court",
      "City": "Balmoral",
      "Province": "NB",
      "Postal Code": "E8E 3N9",
      "Lattitude": 45.895,
      "Longitude": -74.138889,
      "Phone number": "(506) 473-6059",
      "Connection Status": "Connected",
      "Time since connected": 0,
      "": ""
    },
    {
      "Customer name": "Jay Sobel",
      "Street Address": "875 Greystone Street",
      "City": "Kanata",
      "Province": "ON",
      "Postal Code": "K2K 0B0",
      "Lattitude": 45.883353,
      "Longitude": -74.133135,
      "Phone number": "(514) 368-4230",
      "Connection Status": "Not Responding",
      "Time since connected": 8,
      "": ""
    },
    {
      "Customer name": "Ian Prittie",
      "Street Address": "517 Lyme Dr.",
      "City": "Beauceville",
      "Province": "QC",
      "Postal Code": "G5X 0L4",
      "Lattitude": 45.883353,
      "Longitude": -74.133135,
      "Phone number": "(403) 280-5151",
      "Connection Status": "Not Responding",
      "Time since connected": 8,
      "": ""
    },
    {
      "Customer name": "Chad Ransom",
      "Street Address": "198 Bishop Dr.",
      "City": "Strathmore",
      "Province": "AB",
      "Postal Code": "T1P 2E7",
      "Lattitude": 45.855272,
      "Longitude": -74.12231,
      "Phone number": "(604) 320-0789",
      "Connection Status": "Not Responding",
      "Time since connected": 3,
      "": ""
    },
    {
      "Customer name": "Brenda Virtue",
      "Street Address": "8766 Oak Meadow Ave.",
      "City": "Hinton",
      "Province": "AB",
      "Postal Code": "T7V 6X7",
      "Lattitude": 45.855272,
      "Longitude": -74.12231,
      "Phone number": "(416) 798-0229",
      "Connection Status": "Connected",
      "Time since connected": 0,
      "": ""
    },
    {
      "Customer name": "Michael Staffieri",
      "Street Address": "7770 Deerfield Street",
      "City": "Summerside",
      "Province": "PE",
      "Postal Code": "C1N 5Y3",
      "Lattitude": 45.850719,
      "Longitude": -74.151007,
      "Phone number": "(905) 940-6510",
      "Connection Status": "Connected",
      "Time since connected": 0,
      "": ""
    },
    {
      "Customer name": "Ken Gilpin",
      "Street Address": "8876 Carpenter St.",
      "City": "Prince Rupert",
      "Province": "BC",
      "Postal Code": "V8J 7G6",
      "Lattitude": 45.850719,
      "Longitude": -74.151007,
      "Phone number": "(416) 977-7555",
      "Connection Status": "Connected",
      "Time since connected": 0,
      "": ""
    },
    {
      "Customer name": "William Capes",
      "Street Address": "62 Acacia Dr.",
      "City": "Terrace",
      "Province": "BC",
      "Postal Code": "V8G 2T7",
      "Lattitude": 45.854877,
      "Longitude": -74.135059,
      "Phone number": "(450) 321-0279",
      "Connection Status": "Connected",
      "Time since connected": 0,
      "": ""
    },
    {
      "Customer name": "Nicholas Serdiuk",
      "Street Address": "8042 8th Rd.",
      "City": "Buena Vista",
      "Province": "SK",
      "Postal Code": "S2V 5V8",
      "Lattitude": 45.854877,
      "Longitude": -74.135059,
      "Phone number": "(647) 426-4737",
      "Connection Status": "Connected",
      "Time since connected": 0,
      "": ""
    },
    {
      "Customer name": "Jude Sulejmani",
      "Street Address": "7420 Warren Lane",
      "City": "Degelis",
      "Province": "QC",
      "Postal Code": "G5T 2S2",
      "Lattitude": 45.868083,
      "Longitude": -74.119405,
      "Phone number": "(514) 670-3761",
      "Connection Status": "Connected",
      "Time since connected": 0,
      "": ""
    },
    {
      "Customer name": "Renata Ford",
      "Street Address": "6 Peachtree Street",
      "City": "St. Martins",
      "Province": "NB",
      "Postal Code": "E5R 5C3",
      "Lattitude": 45.868083,
      "Longitude": -74.119405,
      "Phone number": "(604) 583-7000",
      "Connection Status": "Not Responding",
      "Time since connected": 4,
      "": ""
    },
    {
      "Customer name": "David J. Tilden",
      "Street Address": "72 Fordham Court",
      "City": "Fort Saskatchewan",
      "Province": "AB",
      "Postal Code": "T8L 5V7",
      "Lattitude": 45.863515,
      "Longitude": -74.108555,
      "Phone number": "(416) 745-8314",
      "Connection Status": "Connected",
      "Time since connected": 0,
      "": ""
    },
    {
      "Customer name": "Jean-Jacques Desgranges",
      "Street Address": "9012 Rocky River St.",
      "City": "Saint-Prime",
      "Province": "QC",
      "Postal Code": "G8J 0K6",
      "Lattitude": 45.863515,
      "Longitude": -74.108555,
      "Phone number": "(416) 935-8080",
      "Connection Status": "Not Responding",
      "Time since connected": 4,
      "": ""
    },
    {
      "Customer name": "Mark K. Paralovos",
      "Street Address": "69 Wagon Street",
      "City": "Eskasoni",
      "Province": "NS",
      "Postal Code": "B1W 5M5",
      "Lattitude": 45.854441,
      "Longitude": -74.228018,
      "Phone number": "(403) 995-9349",
      "Connection Status": "Not Responding",
      "Time since connected": 5,
      "": ""
    },
    {
      "Customer name": "Robert Forbes",
      "Street Address": "394 Belmont St.",
      "City": "Cocagne",
      "Province": "NB",
      "Postal Code": "E4R 6Y8",
      "Lattitude": 45.854441,
      "Longitude": -74.228018,
      "Phone number": "(780) 443-3040",
      "Connection Status": "Not Responding",
      "Time since connected": 6,
      "": ""
    },
    {
      "Customer name": "Eugene C. Balfour",
      "Street Address": "8777 Buttonwood Lane",
      "City": "Similkameen",
      "Province": "BC",
      "Postal Code": "V0X 3V9",
      "Lattitude": 45.852839,
      "Longitude": -74.212386,
      "Phone number": "(780) 413-9855",
      "Connection Status": "Connected",
      "Time since connected": 0,
      "": ""
    },
    {
      "Customer name": "Melina Mamone",
      "Street Address": "163 Military Street",
      "City": "Hants County",
      "Province": "NS",
      "Postal Code": "B0N 6C5",
      "Lattitude": 45.852839,
      "Longitude": -74.212386,
      "Phone number": "(403) 254-6901",
      "Connection Status": "Not Responding",
      "Time since connected": 8,
      "": ""
    },
    {
      "Customer name": "Charles Crocker",
      "Street Address": "301 Sugar Ave.",
      "City": "Calgary",
      "Province": "AB",
      "Postal Code": "T1Y 1G2",
      "Lattitude": 45.874896,
      "Longitude": -74.231804,
      "Phone number": "(905) 792-0249",
      "Connection Status": "Connected",
      "Time since connected": 0,
      "": ""
    },
    {
      "Customer name": "Trevor Marshall Lee",
      "Street Address": "41 Charles Dr.",
      "City": "Richmond",
      "Province": "BC",
      "Postal Code": "V7B 6E3",
      "Lattitude": 45.874896,
      "Longitude": -74.231804,
      "Phone number": "(905) 556-1171",
      "Connection Status": "Not Responding",
      "Time since connected": 9,
      "": ""
    },
    {
      "Customer name": "Daniel Ricottone",
      "Street Address": "7006 Carriage Ave.",
      "City": "Brantville",
      "Province": "NB",
      "Postal Code": "E9H 0T4",
      "Lattitude": 45.850021,
      "Longitude": -74.183136,
      "Phone number": "(905) 495-2447",
      "Connection Status": "Connected",
      "Time since connected": 0,
      "": ""
    },
    {
      "Customer name": "Adam Gray",
      "Street Address": "332 W. Arch Drive",
      "City": "Région d'Oka",
      "Province": "QC",
      "Postal Code": "J0N 0H0",
      "Lattitude": 45.850021,
      "Longitude": -74.183136,
      "Phone number": "(905) 205-0146",
      "Connection Status": "Connected",
      "Time since connected": 0,
      "": ""
    },
    {
      "Customer name": "Ania Krosinska",
      "Street Address": "3 Glenlake St.",
      "City": "Strathroy",
      "Province": "ON",
      "Postal Code": "N7G 7R6",
      "Lattitude": 45.882171,
      "Longitude": -74.173742,
      "Phone number": "(416) 915-8042",
      "Connection Status": "Connected",
      "Time since connected": 0,
      "": ""
    },
    {
      "Customer name": "Kevin M. Klerks",
      "Street Address": "2 Wayne St.",
      "City": "Big Bras d'Or",
      "Province": "NS",
      "Postal Code": "B1X 8S1",
      "Lattitude": 45.882171,
      "Longitude": -74.173742,
      "Phone number": "(403) 328-9907",
      "Connection Status": "Not Responding",
      "Time since connected": 9,
      "": ""
    },
    {
      "Customer name": "Scott Miller",
      "Street Address": "50 South Lake Forest Lane",
      "City": "Harrietsfield",
      "Province": "NS",
      "Postal Code": "B3V 6N3",
      "Lattitude": 45.888611,
      "Longitude": -74.196389,
      "Phone number": "(416) 849-8982",
      "Connection Status": "Connected",
      "Time since connected": 0,
      "": ""
    },
    {
      "Customer name": "Michael Di Pasquale",
      "Street Address": "490 Forest Street",
      "City": "Maniwaki",
      "Province": "QC",
      "Postal Code": "J9E 9H2",
      "Lattitude": 45.888611,
      "Longitude": -74.196389,
      "Phone number": "(780) 485-8044",
      "Connection Status": "Connected",
      "Time since connected": 0,
      "": ""
    },
    {
      "Customer name": "Anton Strgacic",
      "Street Address": "17 South Oak Meadow Ave.",
      "City": "Port Colborne",
      "Province": "ON",
      "Postal Code": "L3K 8N8",
      "Lattitude": 45.839722,
      "Longitude": -74.109722,
      "Phone number": "(604) 432-9303",
      "Connection Status": "Connected",
      "Time since connected": 0,
      "": ""
    },
    {
      "Customer name": "Andrew F. Brooke",
      "Street Address": "849 North Summit Drive",
      "City": "Tecumseh Outskirts",
      "Province": "ON",
      "Postal Code": "N8N 0H0",
      "Lattitude": 45.839722,
      "Longitude": -74.109722,
      "Phone number": "(519) 822-1067",
      "Connection Status": "Connected",
      "Time since connected": 0,
      "": ""
    },
    {
      "Customer name": "Patrick Bernier",
      "Street Address": "8197 Cobblestone St.",
      "City": "Kingsville",
      "Province": "ON",
      "Postal Code": "N9Y 6L1",
      "Lattitude": 45.883632,
      "Longitude": -74.180775,
      "Phone number": "(905) 642-2259",
      "Connection Status": "Connected",
      "Time since connected": 0,
      "": ""
    },
    {
      "Customer name": "Koltyn Wallar",
      "Street Address": "8714 Logan St.",
      "City": "Saint-Quentin",
      "Province": "NB",
      "Postal Code": "E8A 5H1",
      "Lattitude": 45.883632,
      "Longitude": -74.180775,
      "Phone number": "(403) 313-2944",
      "Connection Status": "Connected",
      "Time since connected": 0,
      "": ""
    },
    {
      "Customer name": "Joseph Todd",
      "Street Address": "2 South Fairview Drive",
      "City": "Saint-Franþois",
      "Province": "QC",
      "Postal Code": "H7B 0B9",
      "Lattitude": 45.908652,
      "Longitude": -74.187353,
      "Phone number": "(905) 697-3334",
      "Connection Status": "Connected",
      "Time since connected": 0,
      "": ""
    },
    {
      "Customer name": "Bria Lee Atkins",
      "Street Address": "7946 County St.",
      "City": "Saint-Jacques",
      "Province": "NB",
      "Postal Code": "E7B 3S1",
      "Lattitude": 45.908652,
      "Longitude": -74.187353,
      "Phone number": "(416) 916-6599",
      "Connection Status": "Connected",
      "Time since connected": 0,
      "": ""
    },
    {
      "Customer name": "Matthew Barton",
      "Street Address": "9557 Clark Rd.",
      "City": "Neguac",
      "Province": "NB",
      "Postal Code": "E9G 2C9",
      "Lattitude": 45.909722,
      "Longitude": -74.204722,
      "Phone number": "(709) 579-2428",
      "Connection Status": "Connected",
      "Time since connected": 0,
      "": ""
    },
    {
      "Customer name": "Evan Hindle",
      "Street Address": "60 West Atlantic Dr.",
      "City": "Pont-Rouge",
      "Province": "QC",
      "Postal Code": "G3H 0E6",
      "Lattitude": 45.909722,
      "Longitude": -74.204722,
      "Phone number": "(506) 637-9107",
      "Connection Status": "Connected",
      "Time since connected": 0,
      "": ""
    },
    {
      "Customer name": "Bela Kosoian",
      "Street Address": "23 Buckingham Street",
      "City": "Canmore",
      "Province": "AB",
      "Postal Code": "T1W 8V2",
      "Lattitude": 45.877687,
      "Longitude": -74.186432,
      "Phone number": "(905) 495-3039",
      "Connection Status": "Connected",
      "Time since connected": 0,
      "": ""
    },
    {
      "Customer name": "Dr. Salim Mansur",
      "Street Address": "143 NE. Euclid Dr.",
      "City": "The Pas",
      "Province": "MB",
      "Postal Code": "R9A 1C6",
      "Lattitude": 45.877687,
      "Longitude": -74.186432,
      "Phone number": "(709) 747-8844",
      "Connection Status": "Connected",
      "Time since connected": 0,
      "": ""
    },
    {
      "Customer name": "Michael McMullen",
      "Street Address": "7183 Chestnut Street",
      "City": "Marion Bridge",
      "Province": "NS",
      "Postal Code": "B1K 6A5",
      "Lattitude": 45.904969,
      "Longitude": -74.209935,
      "Phone number": "(416) 385-1730",
      "Connection Status": "Connected",
      "Time since connected": 0,
      "": ""
    },
    {
      "Customer name": "Jeremy Lin",
      "Street Address": "975 E. Woodsman Street",
      "City": "Val-des-Monts",
      "Province": "QC",
      "Postal Code": "J8N 1H6",
      "Lattitude": 45.904969,
      "Longitude": -74.209935,
      "Phone number": "(604) 733-3999",
      "Connection Status": "Connected",
      "Time since connected": 0,
      "": ""
    },
    {
      "Customer name": "Guillaume Lanouette",
      "Street Address": "86 Race Street",
      "City": "Albanel",
      "Province": "QC",
      "Postal Code": "G8M 2B7",
      "Lattitude": 45.42668243,
      "Longitude": -71.87042789,
      "Phone number": "(613) 594-4555",
      "Connection Status": "Not Responding",
      "Time since connected": 7,
      "": ""
    },
    {
      "Customer name": "Jacques Girard",
      "Street Address": "85 Shirley Drive",
      "City": "Thetford Mines",
      "Province": "QC",
      "Postal Code": "G6G 5H2",
      "Lattitude": 45.3148065,
      "Longitude": -72.6462288,
      "Phone number": "(905) 608-0429",
      "Connection Status": "Not Responding",
      "Time since connected": 9,
      "": ""
    },
    {
      "Customer name": "Raymond Ayas",
      "Street Address": "7600 Cactus Lane",
      "City": "Dorchester",
      "Province": "NB",
      "Postal Code": "E4K 7M4",
      "Lattitude": 45.55392657,
      "Longitude": -73.22625093,
      "Phone number": "(416) 231-4789",
      "Connection Status": "Connected",
      "Time since connected": 0,
      "": ""
    },
    {
      "Customer name": "Matthieu Couture",
      "Street Address": "142 Heather St.",
      "City": "Orillia",
      "Province": "ON",
      "Postal Code": "L3V 7B3",
      "Lattitude": 45.48277583,
      "Longitude": -73.47733423,
      "Phone number": "(416) 544-1429",
      "Connection Status": "Not Responding",
      "Time since connected": 5,
      "": ""
    },
    {
      "Customer name": "Sherwin Edwards",
      "Street Address": "725 Birch Hill Street",
      "City": "Sylvan Lake",
      "Province": "AB",
      "Postal Code": "T4S 3E8",
      "Lattitude": 45.3908957,
      "Longitude": -73.53106747,
      "Phone number": "(905) 508-2907",
      "Connection Status": "Not Responding",
      "Time since connected": 7,
      "": ""
    },
    {
      "Customer name": "Maxime Bernier",
      "Street Address": "867 Mountainview Drive",
      "City": "Duvernay-Est",
      "Province": "QC",
      "Postal Code": "H7A 7B5",
      "Lattitude": 45.65425267,
      "Longitude": -74.32903394,
      "Phone number": "(705) 719-0417",
      "Connection Status": "Connected",
      "Time since connected": 0,
      "": ""
    },
    {
      "Customer name": "Jean-Claude Parent Jr.",
      "Street Address": "58 Liberty Drive",
      "City": "High River",
      "Province": "AB",
      "Postal Code": "T1V 0J1",
      "Lattitude": 45.49077738,
      "Longitude": -75.67166843,
      "Phone number": "(519) 822-5277",
      "Connection Status": "Connected",
      "Time since connected": 0,
      "": ""
    },
    {
      "Customer name": "Alicia Bédard",
      "Street Address": "865 South Pineknoll Ave.",
      "City": "Drayton Valley",
      "Province": "AB",
      "Postal Code": "T7A 7E2",
      "Lattitude": 46.3699689,
      "Longitude": -75.98244601,
      "Phone number": "(905) 830-0369",
      "Connection Status": "Connected",
      "Time since connected": 0,
      "": ""
    },
    {
      "Customer name": "Richard Synnott",
      "Street Address": "8851 Pacific Court",
      "City": "Capitale-Nationale",
      "Province": "QC",
      "Postal Code": "G0A 9R2",
      "Lattitude": 45.4087982,
      "Longitude": -75.68524108,
      "Phone number": "(519) 741-1099",
      "Connection Status": "Not Responding",
      "Time since connected": 3,
      "": ""
    },
    {
      "Customer name": "Marc Johnston",
      "Street Address": "7155 Queen Lane",
      "City": "Maple",
      "Province": "ON",
      "Postal Code": "L6A 3G2",
      "Lattitude": 45.31943275,
      "Longitude": -75.69098854,
      "Phone number": "(613) 225-6007",
      "Connection Status": "Connected",
      "Time since connected": 0,
      "": ""
    },
    {
      "Customer name": "Chloé Bernard",
      "Street Address": "89 W. Logan Street",
      "City": "Kings County",
      "Province": "NS",
      "Postal Code": "B0P 4H9",
      "Lattitude": 45.31448852,
      "Longitude": -75.91955224,
      "Phone number": "(613) 823-6909",
      "Connection Status": "Connected",
      "Time since connected": 0,
      "": ""
    },
    {
      "Customer name": "Luc Massé",
      "Street Address": "27 Albany Street",
      "City": "Lac-Saint-Charles",
      "Province": "QC",
      "Postal Code": "G3G 0S5",
      "Lattitude": 44.28329078,
      "Longitude": -78.33967319,
      "Phone number": "(519) 645-2171",
      "Connection Status": "Connected",
      "Time since connected": 0,
      "": ""
    },
    {
      "Customer name": "Louis Léger",
      "Street Address": "9952 Mayflower Rd.",
      "City": "Winfield",
      "Province": "BC",
      "Postal Code": "V4V 7K0",
      "Lattitude": 43.260219,
      "Longitude": -80.185526,
      "Phone number": "(519) 649-0533",
      "Connection Status": "Connected",
      "Time since connected": 0,
      "": ""
    },
    {
      "Customer name": "François Poulin",
      "Street Address": "905 John Drive",
      "City": "Loch Lomond",
      "Province": "NS",
      "Postal Code": "B2E 9T6",
      "Lattitude": 43.173943,
      "Longitude": -80.035766,
      "Phone number": "(519) 805-2928",
      "Connection Status": "Not Responding",
      "Time since connected": 9,
      "": ""
    },
    {
      "Customer name": "Sam Nassif",
      "Street Address": "87 Linden Avenue",
      "City": "Montérégie-Est",
      "Province": "QC",
      "Postal Code": "J0J 2Y8",
      "Lattitude": 43.233242,
      "Longitude": -80.054114,
      "Phone number": "(905) 683-6101",
      "Connection Status": "Connected",
      "Time since connected": 0,
      "": ""
    },
    {
      "Customer name": "Joey Pronovost",
      "Street Address": "48 Arnold St.",
      "City": "McAdam",
      "Province": "NB",
      "Postal Code": "E6J 5N0",
      "Lattitude": 43.255378,
      "Longitude": -80.094983,
      "Phone number": "(905) 430-2584",
      "Connection Status": "Not Responding",
      "Time since connected": 2,
      "": ""
    },
    {
      "Customer name": "Jeff Benoit",
      "Street Address": "38 George Street",
      "City": "Russell",
      "Province": "ON",
      "Postal Code": "K4R 9V0",
      "Lattitude": 43.234197,
      "Longitude": -80.146228,
      "Phone number": "(905) 721-2362",
      "Connection Status": "Not Responding",
      "Time since connected": 3,
      "": ""
    },
    {
      "Customer name": "Jimmy Voyer",
      "Street Address": "74 Rockcrest St.",
      "City": "Reserve Mines",
      "Province": "NS",
      "Postal Code": "B1E 6S8",
      "Lattitude": 43.199641,
      "Longitude": -80.105136,
      "Phone number": "(416) 724-9075",
      "Connection Status": "Connected",
      "Time since connected": 0,
      "": ""
    },
    {
      "Customer name": "Paul Reed",
      "Street Address": "994 Tanglewood Drive",
      "City": "Woodstock",
      "Province": "NB",
      "Postal Code": "E7M 7J9",
      "Lattitude": 43.244167,
      "Longitude": -80.056387,
      "Phone number": "(506) 455-3388",
      "Connection Status": "Connected",
      "Time since connected": 0,
      "": ""
    },
    {
      "Customer name": "Arash Torbati",
      "Street Address": "319 Poplar Drive",
      "City": "Juan de Fuca Shore",
      "Province": "BC",
      "Postal Code": "V0S 0C5",
      "Lattitude": 43.18915,
      "Longitude": -80.072402,
      "Phone number": "(905) 629-2915",
      "Connection Status": "Not Responding",
      "Time since connected": 5,
      "": ""
    },
    {
      "Customer name": "Steeve Paquet",
      "Street Address": "9480 St Margarets Ave.",
      "City": "Bathurst",
      "Province": "NB",
      "Postal Code": "E2A 4K8",
      "Lattitude": 43.16906622,
      "Longitude": -79.27423328,
      "Phone number": "(905) 793-7308",
      "Connection Status": "Connected",
      "Time since connected": 0,
      "": ""
    },
    {
      "Customer name": "Éric Hébert",
      "Street Address": "880 Carpenter Rd.",
      "City": "Port Alberni",
      "Province": "BC",
      "Postal Code": "V9Y 5H8",
      "Lattitude": 43.87202517,
      "Longitude": -79.2728018,
      "Phone number": "(905) 454-1389",
      "Connection Status": "Connected",
      "Time since connected": 0,
      "": ""
    },
    {
      "Customer name": "Mario-Roberto Lam",
      "Street Address": "96 Piper St.",
      "City": "Wellington",
      "Province": "ON",
      "Postal Code": "N0B 4R1",
      "Lattitude": 43.82177916,
      "Longitude": -79.39867384,
      "Phone number": "(416) 626-7260",
      "Connection Status": "Connected",
      "Time since connected": 0,
      "": ""
    },
    {
      "Customer name": "Stepan Balatsko",
      "Street Address": "9593 E. Vale St.",
      "City": "Williams Lake",
      "Province": "BC",
      "Postal Code": "V2G 5N8",
      "Lattitude": 44.061733,
      "Longitude": -79.43074277,
      "Phone number": "(905) 820-4946",
      "Connection Status": "Not Responding",
      "Time since connected": 5,
      "": ""
    },
    {
      "Customer name": "Patrick St-Onge",
      "Street Address": "140 Hartford St.",
      "City": "Centreville",
      "Province": "NB",
      "Postal Code": "E7K 8L1",
      "Lattitude": 44.11708418,
      "Longitude": -79.56997806,
      "Phone number": "(416) 385-1002",
      "Connection Status": "Not Responding",
      "Time since connected": 8,
      "": ""
    },
    {
      "Customer name": "Rowen Tanguay",
      "Street Address": "832 South Campfire Street",
      "City": "Sainte-Adèle",
      "Province": "QC",
      "Postal Code": "J8B 1E8",
      "Lattitude": 43.80014646,
      "Longitude": -79.55643583,
      "Phone number": "(905) 432-5300",
      "Connection Status": "Connected",
      "Time since connected": 0,
      "": ""
    },
    {
      "Customer name": "Sylvain Prescott",
      "Street Address": "9288 East Jockey Hollow Ave.",
      "City": "Dalhousie",
      "Province": "NB",
      "Postal Code": "E8C 9T7",
      "Lattitude": 44.74940424,
      "Longitude": -79.8964628,
      "Phone number": "(705) 792-9988",
      "Connection Status": "Not Responding",
      "Time since connected": 2,
      "": ""
    },
    {
      "Customer name": "Sylvie Théodore",
      "Street Address": "61 South Sulphur Springs Street",
      "City": "Amqui",
      "Province": "QC",
      "Postal Code": "G5J 4L9",
      "Lattitude": 43.5856163,
      "Longitude": -79.62685325,
      "Phone number": "(416) 515-7109",
      "Connection Status": "Connected",
      "Time since connected": 0,
      "": ""
    },
    {
      "Customer name": "Randy Manseau",
      "Street Address": "578 Studebaker Road",
      "City": "Queens County",
      "Province": "NS",
      "Postal Code": "B0T 6K8",
      "Lattitude": 43.59398935,
      "Longitude": -79.56282933,
      "Phone number": "(506) 350-0720",
      "Connection Status": "Connected",
      "Time since connected": 0,
      "": ""
    },
    {
      "Customer name": "Gregory Yablunovsky",
      "Street Address": "8754 Bow Ridge St.",
      "City": "Listowel",
      "Province": "ON",
      "Postal Code": "N4W 4P6",
      "Lattitude": 43.4664758,
      "Longitude": -79.66361996,
      "Phone number": "(306) 934-8881",
      "Connection Status": "Connected",
      "Time since connected": 0,
      "": ""
    },
    {
      "Customer name": "Dany Boudreault",
      "Street Address": "7689 Tarkiln Hill Ave.",
      "City": "Greenfield Park",
      "Province": "QC",
      "Postal Code": "J4V 7V6",
      "Lattitude": 43.45423905,
      "Longitude": -79.67823034,
      "Phone number": "(506) 357-5787",
      "Connection Status": "Connected",
      "Time since connected": 0,
      "": ""
    },
    {
      "Customer name": "Gary Charles",
      "Street Address": "650 La Sierra Rd.",
      "City": "Espanola",
      "Province": "ON",
      "Postal Code": "P5E 7T8",
      "Lattitude": 43.20959653,
      "Longitude": -79.85427775,
      "Phone number": "(250) 561-9420",
      "Connection Status": "Connected",
      "Time since connected": 0,
      "": ""
    },
    {
      "Customer name": "Daniel Turgeon",
      "Street Address": "9070 Coffee Dr.",
      "City": "Sackville",
      "Province": "NB",
      "Postal Code": "E4L 9L3",
      "Lattitude": 44.32978522,
      "Longitude": -79.6146985,
      "Phone number": "(250) 426-6492",
      "Connection Status": "Connected",
      "Time since connected": 0,
      "": ""
    },
    {
      "Customer name": "Richard Evanko",
      "Street Address": "8793 Chapel St.",
      "City": "Saint-Nicolas",
      "Province": "QC",
      "Postal Code": "G7A 8K1",
      "Lattitude": 43.53006981,
      "Longitude": -79.78719437,
      "Phone number": "(647) 347-5375",
      "Connection Status": "Connected",
      "Time since connected": 0,
      "": ""
    },
    {
      "Customer name": "Christine Bui",
      "Street Address": "470 North Beacon Street",
      "City": "Mercier",
      "Province": "QC",
      "Postal Code": "J6R 9K4",
      "Lattitude": 43.77262138,
      "Longitude": -79.15968977,
      "Phone number": "(604) 669-0751",
      "Connection Status": "Connected",
      "Time since connected": 0,
      "": ""
    },
    {
      "Customer name": "Marie-Louise Beauchamp",
      "Street Address": "8940 North Cleveland St.",
      "City": "Canterbury",
      "Province": "NB",
      "Postal Code": "E6H 9G5",
      "Lattitude": 43.69793115,
      "Longitude": -79.32419774,
      "Phone number": "(403) 948-9865",
      "Connection Status": "Not Responding",
      "Time since connected": 5,
      "": ""
    },
    {
      "Customer name": "Marc Fontaine",
      "Street Address": "344 El Dorado St.",
      "City": "York",
      "Province": "ON",
      "Postal Code": "M6C 7G6",
      "Lattitude": 43.70890353,
      "Longitude": -79.38166498,
      "Phone number": "(647) 352-5379",
      "Connection Status": "Connected",
      "Time since connected": 0,
      "": ""
    },
    {
      "Customer name": "Henri Cousineau",
      "Street Address": "68 Lake View Ave.",
      "City": "Montmagny",
      "Province": "QC",
      "Postal Code": "G5V 4T0",
      "Lattitude": 42.67563,
      "Longitude": -80.522828,
      "Phone number": "(250) 740-1178",
      "Connection Status": "Not Responding",
      "Time since connected": 7,
      "": ""
    },
    {
      "Customer name": "Ellen Comeau",
      "Street Address": "250 Big Rock Cove Court",
      "City": "Saint-Hippolyte",
      "Province": "QC",
      "Postal Code": "J8A 7S6",
      "Lattitude": 42.688988,
      "Longitude": -80.432066,
      "Phone number": "(780) 473-3885",
      "Connection Status": "Not Responding",
      "Time since connected": 6,
      "": ""
    },
    {
      "Customer name": "Daniel Brisson",
      "Street Address": "363 Union Street",
      "City": "Plessisville",
      "Province": "QC",
      "Postal Code": "G6L 7G4",
      "Lattitude": 42.667349,
      "Longitude": -80.41494,
      "Phone number": "(905) 303-7182",
      "Connection Status": "Connected",
      "Time since connected": 0,
      "": ""
    },
    {
      "Customer name": "Guillaume Labonté-Côté",
      "Street Address": "694 S. Cedar Street",
      "City": "Alliston",
      "Province": "ON",
      "Postal Code": "L9R 1B2",
      "Lattitude": 42.667291,
      "Longitude": -80.415063,
      "Phone number": "(905) 595-1101",
      "Connection Status": "Connected",
      "Time since connected": 0,
      "": ""
    },
    {
      "Customer name": "Jonathan Clavet",
      "Street Address": "9 N. Amherst Circle",
      "City": "Sioux Lookout",
      "Province": "ON",
      "Postal Code": "P8T 9S0",
      "Lattitude": 42.659604,
      "Longitude": -80.533496,
      "Phone number": "(289) 371-0229",
      "Connection Status": "Not Responding",
      "Time since connected": 3,
      "": ""
    },
    {
      "Customer name": "Émilio Migliozzi",
      "Street Address": "7257 South Brown Dr.",
      "City": "Napanee",
      "Province": "ON",
      "Postal Code": "K7R 7X8",
      "Lattitude": 42.634484,
      "Longitude": -80.436389,
      "Phone number": "(902) 865-3388",
      "Connection Status": "Not Responding",
      "Time since connected": 1,
      "": ""
    },
    {
      "Customer name": "Marie-Claude Lauzier",
      "Street Address": "23 Golden Star Dr.",
      "City": "Rogersville",
      "Province": "NB",
      "Postal Code": "E4Y 6L8",
      "Lattitude": 42.752231,
      "Longitude": -80.482397,
      "Phone number": "(506) 739-7587",
      "Connection Status": "Connected",
      "Time since connected": 0,
      "": ""
    },
    {
      "Customer name": "Christian Montpetit",
      "Street Address": "701 Fairfield St.",
      "City": "Griffintown",
      "Province": "QC",
      "Postal Code": "H3C 6P1",
      "Lattitude": 42.618262,
      "Longitude": -80.530233,
      "Phone number": "(709) 634-5558",
      "Connection Status": "Connected",
      "Time since connected": 0,
      "": ""
    },
    {
      "Customer name": "Julie Lavallée",
      "Street Address": "9827 East Yukon Ave.",
      "City": "Castlegar",
      "Province": "BC",
      "Postal Code": "V1N 0J8",
      "Lattitude": 42.596641,
      "Longitude": -80.484534,
      "Phone number": "(709) 489-9317",
      "Connection Status": "Connected",
      "Time since connected": 0,
      "": ""
    },
    {
      "Customer name": "Hugo Clenin",
      "Street Address": "772 E. Glenholme St.",
      "City": "Saint-Émile",
      "Province": "QC",
      "Postal Code": "G3E 9T8",
      "Lattitude": 42.626382,
      "Longitude": -80.452307,
      "Phone number": "(709) 256-7651",
      "Connection Status": "Connected",
      "Time since connected": 0,
      "": ""
    },
    {
      "Customer name": "Serge Haché",
      "Street Address": "8121 Trout Ave.",
      "City": "Baie-Sainte-Anne",
      "Province": "NB",
      "Postal Code": "E9A 2E0",
      "Lattitude": 42.634484,
      "Longitude": -80.436389,
      "Phone number": "(604) 951-9399",
      "Connection Status": "Not Responding",
      "Time since connected": 4,
      "": ""
    },
    {
      "Customer name": "Zachary Lozoff",
      "Street Address": "81 Bedford Dr.",
      "City": "Vegreville",
      "Province": "AB",
      "Postal Code": "T9C 3L4",
      "Lattitude": 42.634484,
      "Longitude": -80.436389,
      "Phone number": "(250) 748-6388",
      "Connection Status": "Connected",
      "Time since connected": 0,
      "": ""
    },
    {
      "Customer name": "André Valiquette",
      "Street Address": "69 SW. Durham St.",
      "City": "Baden",
      "Province": "ON",
      "Postal Code": "N3A 0C0",
      "Lattitude": 42.634484,
      "Longitude": -80.436389,
      "Phone number": "(604) 941-6122",
      "Connection Status": "Connected",
      "Time since connected": 0,
      "": ""
    },
    {
      "Customer name": "Sabin Levesque",
      "Street Address": "987 Ridgeview Street",
      "City": "Beresford",
      "Province": "NB",
      "Postal Code": "E8K 1K5",
      "Lattitude": 42.703832,
      "Longitude": -80.599931,
      "Phone number": "(403) 235-6779",
      "Connection Status": "Connected",
      "Time since connected": 0,
      "": ""
    },
    {
      "Customer name": "Mark Sibthorpe",
      "Street Address": "7115 NW. Country Court",
      "City": "Orleans",
      "Province": "ON",
      "Postal Code": "K1E 8C3",
      "Lattitude": 42.634484,
      "Longitude": -80.436389,
      "Phone number": "(403) 851-1833",
      "Connection Status": "Not Responding",
      "Time since connected": 9,
      "": ""
    },
    {
      "Customer name": "Clifford Albert",
      "Street Address": "57 Old Mammoth Dr.",
      "City": "Millville",
      "Province": "NB",
      "Postal Code": "E6E 4H1",
      "Lattitude": 42.741905,
      "Longitude": -80.57761,
      "Phone number": "(289) 755-2115",
      "Connection Status": "Not Responding",
      "Time since connected": 3,
      "": ""
    },
    {
      "Customer name": "Lee Weishar",
      "Street Address": "247 Overlook Lane",
      "City": "Thompson",
      "Province": "MB",
      "Postal Code": "R8N 2N9",
      "Lattitude": 42.634484,
      "Longitude": -80.436389,
      "Phone number": "(403) 934-9223",
      "Connection Status": "Connected",
      "Time since connected": 0,
      "": ""
    },
    {
      "Customer name": "Mario Belec",
      "Street Address": "387 Indian Spring St.",
      "City": "Montague",
      "Province": "PE",
      "Postal Code": "C0A 4R7",
      "Lattitude": 42.596386,
      "Longitude": -80.515367,
      "Phone number": "(403) 362-4665",
      "Connection Status": "Connected",
      "Time since connected": 0,
      "": ""
    },
    {
      "Customer name": "Luca Abbatiello",
      "Street Address": "445 Baker Ave.",
      "City": "Lockport",
      "Province": "MB",
      "Postal Code": "R1B 3V8",
      "Lattitude": 42.633697,
      "Longitude": -80.61387,
      "Phone number": "(587) 754-9690",
      "Connection Status": "Connected",
      "Time since connected": 0,
      "": ""
    },
    {
      "Customer name": "Bruno Dabiré",
      "Street Address": "60 Sunnyslope St.",
      "City": "Magog",
      "Province": "QC",
      "Postal Code": "J1X 3C3",
      "Lattitude": 42.582104,
      "Longitude": -80.591204,
      "Phone number": "(204) 783-4483",
      "Connection Status": "Connected",
      "Time since connected": 0,
      "": ""
    },
    {
      "Customer name": "Samuel Saint-Laurent",
      "Street Address": "18 Cedarwood St.",
      "City": "Coverdale",
      "Province": "NB",
      "Postal Code": "E1J 6H3",
      "Lattitude": 42.736316,
      "Longitude": -80.520975,
      "Phone number": "(450) 430-4611",
      "Connection Status": "Connected",
      "Time since connected": 0,
      "": ""
    },
    {
      "Customer name": "Jean Landry",
      "Street Address": "8992 Piper St.",
      "City": "Saint-Pierre",
      "Province": "QC",
      "Postal Code": "H8R 3M7",
      "Lattitude": 43.45489063,
      "Longitude": -80.5808494,
      "Phone number": "(780) 672-5135",
      "Connection Status": "Connected",
      "Time since connected": 0,
      "": ""
    },
    {
      "Customer name": "Pierre Lacombe",
      "Street Address": "12 Grove Road",
      "City": "Renfrew",
      "Province": "ON",
      "Postal Code": "K7V 2N1",
      "Lattitude": 42.95707343,
      "Longitude": -81.61863034,
      "Phone number": "(705) 737-0505",
      "Connection Status": "Not Responding",
      "Time since connected": 8,
      "": ""
    },
    {
      "Customer name": "Hans Roker Jr.",
      "Street Address": "42 E. Walnut Ave.",
      "City": "La Prairie",
      "Province": "QC",
      "Postal Code": "J5R 6N1",
      "Lattitude": 42.97160444,
      "Longitude": -82.40543451,
      "Phone number": "(450) 676-0032",
      "Connection Status": "Connected",
      "Time since connected": 0,
      "": ""
    },
    {
      "Customer name": "Normand Michaud",
      "Street Address": "47 Del Monte Drive",
      "City": "Nackawic",
      "Province": "NB",
      "Postal Code": "E6G 0Y8",
      "Lattitude": 42.30908254,
      "Longitude": -82.99201487,
      "Phone number": "(780) 485-0964",
      "Connection Status": "Connected",
      "Time since connected": 0,
      "": ""
    },
    {
      "Customer name": "Bobby Pellerin",
      "Street Address": "566 Rockcrest Ave.",
      "City": "Fabreville",
      "Province": "QC",
      "Postal Code": "H7P 0C6",
      "Lattitude": 42.23259547,
      "Longitude": -83.00978644,
      "Phone number": "(403) 548-3599",
      "Connection Status": "Not Responding",
      "Time since connected": 1,
      "": ""
    },
    {
      "Customer name": "Jean-François Bélanger",
      "Street Address": "9073 La Sierra Street",
      "City": "Steinbach",
      "Province": "MB",
      "Postal Code": "R5G 7N0",
      "Lattitude": 45.607668,
      "Longitude": -79.453052,
      "Phone number": "(780) 434-0032",
      "Connection Status": "Connected",
      "Time since connected": 0,
      "": ""
    },
    {
      "Customer name": "Gabriel Côté",
      "Street Address": "9113 East Rockland Rd.",
      "City": "Gander",
      "Province": "LB",
      "Postal Code": "A1V 3X0",
      "Lattitude": 45.607668,
      "Longitude": -79.453052,
      "Phone number": "(289) 725-8885",
      "Connection Status": "Connected",
      "Time since connected": 0,
      "": ""
    },
    {
      "Customer name": "Christopher Mikus",
      "Street Address": "9516 East Roberts Lane",
      "City": "Caraquet",
      "Province": "NB",
      "Postal Code": "E1W 1K9",
      "Lattitude": 45.686506,
      "Longitude": -79.446988,
      "Phone number": "(587) 459-7951",
      "Connection Status": "Connected",
      "Time since connected": 0,
      "": ""
    },
    {
      "Customer name": "Tina Di Serio",
      "Street Address": "9351 Sherwood Road",
      "City": "Middlesex",
      "Province": "ON",
      "Postal Code": "N0M 0X1",
      "Lattitude": 45.686506,
      "Longitude": -79.446988,
      "Phone number": "(905) 790-8621",
      "Connection Status": "Connected",
      "Time since connected": 0,
      "": ""
    },
    {
      "Customer name": "Julie Déziel",
      "Street Address": "9588 W. Bridle Ave.",
      "City": "Deer Island",
      "Province": "NB",
      "Postal Code": "E5V 1K0",
      "Lattitude": 45.546289,
      "Longitude": -79.53284,
      "Phone number": "(780) 445-4651",
      "Connection Status": "Not Responding",
      "Time since connected": 1,
      "": ""
    },
    {
      "Customer name": "Alain Savard",
      "Street Address": "8824 Hawthorne Street",
      "City": "Lepreau",
      "Province": "NB",
      "Postal Code": "E5J 6N5",
      "Lattitude": 45.546289,
      "Longitude": -79.53284,
      "Phone number": "(587) 470-6638",
      "Connection Status": "Connected",
      "Time since connected": 0,
      "": ""
    },
    {
      "Customer name": "Mariam Sabbagh",
      "Street Address": "7126 Bay Meadows Lane",
      "City": "St. Andrews",
      "Province": "NB",
      "Postal Code": "E5B 0J0",
      "Lattitude": 45.489793,
      "Longitude": -79.463321,
      "Phone number": "(604) 946-5894",
      "Connection Status": "Connected",
      "Time since connected": 0,
      "": ""
    },
    {
      "Customer name": "Pierre Lanoux",
      "Street Address": "9552 South Santa Clara St.",
      "City": "Caledonia",
      "Province": "ON",
      "Postal Code": "N3W 7G6",
      "Lattitude": 45.489793,
      "Longitude": -79.463321,
      "Phone number": "(450) 455-3428",
      "Connection Status": "Connected",
      "Time since connected": 0,
      "": ""
    },
    {
      "Customer name": "Jeffrey Barnes",
      "Street Address": "9113 W. Hawthorne Road",
      "City": "Prince County",
      "Province": "PE",
      "Postal Code": "C0B 9K5",
      "Lattitude": 45.578499,
      "Longitude": -79.632569,
      "Phone number": "(604) 408-0572",
      "Connection Status": "Not Responding",
      "Time since connected": 4,
      "": ""
    },
    {
      "Customer name": "Désiré Mounanga",
      "Street Address": "829 Joy Ridge Road",
      "City": "Bracebridge",
      "Province": "ON",
      "Postal Code": "P1L 0M0",
      "Lattitude": 45.578499,
      "Longitude": -79.632569,
      "Phone number": "(902) 487-5437",
      "Connection Status": "Connected",
      "Time since connected": 0,
      "": ""
    },
    {
      "Customer name": "",
      "Street Address": "",
      "City": "",
      "Province": "",
      "Postal Code": "",
      "Lattitude": "",
      "Longitude": "",
      "Phone number": "",
      "Connection Status": "",
      "Time since connected": "",
      "": ""
    },
    {
      "Customer name": "",
      "Street Address": "",
      "City": "",
      "Province": "",
      "Postal Code": "",
      "Lattitude": "",
      "Longitude": "",
      "Phone number": "",
      "Connection Status": "",
      "Time since connected": "",
      "": ""
    },
    {
      "Customer name": "",
      "Street Address": "",
      "City": "",
      "Province": "",
      "Postal Code": "",
      "Lattitude": "",
      "Longitude": "",
      "Phone number": "",
      "Connection Status": "",
      "Time since connected": "",
      "": ""
    },
    {
      "Customer name": "",
      "Street Address": "",
      "City": "",
      "Province": "",
      "Postal Code": "",
      "Lattitude": "",
      "Longitude": "",
      "Phone number": "",
      "Connection Status": "",
      "Time since connected": "",
      "": ""
    },
    {
      "Customer name": "",
      "Street Address": "",
      "City": "",
      "Province": "",
      "Postal Code": "",
      "Lattitude": "",
      "Longitude": "",
      "Phone number": "",
      "Connection Status": "",
      "Time since connected": "",
      "": ""
    },
    {
      "Customer name": "",
      "Street Address": "",
      "City": "",
      "Province": "",
      "Postal Code": "",
      "Lattitude": "",
      "Longitude": "",
      "Phone number": "",
      "Connection Status": "",
      "Time since connected": "",
      "": ""
    },
    {
      "Customer name": "",
      "Street Address": "",
      "City": "",
      "Province": "",
      "Postal Code": "",
      "Lattitude": "",
      "Longitude": "",
      "Phone number": "",
      "Connection Status": "",
      "Time since connected": "",
      "": ""
    },
    {
      "Customer name": "",
      "Street Address": "",
      "City": "",
      "Province": "",
      "Postal Code": "",
      "Lattitude": "",
      "Longitude": "",
      "Phone number": "",
      "Connection Status": "",
      "Time since connected": "",
      "": ""
    },
    {
      "Customer name": "",
      "Street Address": "",
      "City": "",
      "Province": "",
      "Postal Code": "",
      "Lattitude": "",
      "Longitude": "",
      "Phone number": "",
      "Connection Status": "",
      "Time since connected": "",
      "": ""
    },
    {
      "Customer name": "",
      "Street Address": "",
      "City": "",
      "Province": "",
      "Postal Code": "",
      "Lattitude": "",
      "Longitude": "",
      "Phone number": "",
      "Connection Status": "",
      "Time since connected": "",
      "": ""
    },
    {
      "Customer name": "",
      "Street Address": "",
      "City": "",
      "Province": "",
      "Postal Code": "",
      "Lattitude": "",
      "Longitude": "",
      "Phone number": "",
      "Connection Status": "",
      "Time since connected": "",
      "": ""
    },
    {
      "Customer name": "",
      "Street Address": "",
      "City": "",
      "Province": "",
      "Postal Code": "",
      "Lattitude": "",
      "Longitude": "",
      "Phone number": "",
      "Connection Status": "",
      "Time since connected": "",
      "": ""
    },
    {
      "Customer name": "",
      "Street Address": "",
      "City": "",
      "Province": "",
      "Postal Code": "",
      "Lattitude": "",
      "Longitude": "",
      "Phone number": "",
      "Connection Status": "",
      "Time since connected": "",
      "": ""
    },
    {
      "Customer name": "",
      "Street Address": "",
      "City": "",
      "Province": "",
      "Postal Code": "",
      "Lattitude": "",
      "Longitude": "",
      "Phone number": "",
      "Connection Status": "",
      "Time since connected": "",
      "": ""
    },
    {
      "Customer name": "",
      "Street Address": "",
      "City": "",
      "Province": "",
      "Postal Code": "",
      "Lattitude": "",
      "Longitude": "",
      "Phone number": "",
      "Connection Status": "",
      "Time since connected": "",
      "": ""
    },
    {
      "Customer name": "",
      "Street Address": "",
      "City": "",
      "Province": "",
      "Postal Code": "",
      "Lattitude": "",
      "Longitude": "",
      "Phone number": "",
      "Connection Status": "",
      "Time since connected": "",
      "": ""
    },
    {
      "Customer name": "",
      "Street Address": "",
      "City": "",
      "Province": "",
      "Postal Code": "",
      "Lattitude": "",
      "Longitude": "",
      "Phone number": "",
      "Connection Status": "",
      "Time since connected": "",
      "": ""
    },
    {
      "Customer name": "",
      "Street Address": "",
      "City": "",
      "Province": "",
      "Postal Code": "",
      "Lattitude": "",
      "Longitude": "",
      "Phone number": "",
      "Connection Status": "",
      "Time since connected": "",
      "": ""
    },
    {
      "Customer name": "",
      "Street Address": "",
      "City": "",
      "Province": "",
      "Postal Code": "",
      "Lattitude": "",
      "Longitude": "",
      "Phone number": "",
      "Connection Status": "",
      "Time since connected": "",
      "": ""
    },
    {
      "Customer name": "",
      "Street Address": "",
      "City": "",
      "Province": "",
      "Postal Code": "",
      "Lattitude": "",
      "Longitude": "",
      "Phone number": "",
      "Connection Status": "",
      "Time since connected": "",
      "": ""
    }
  ]